FL301,FL302,FL303,FL311,FL313,FL314,FL315,FL318,FL320,FL323,FL328,FL329,FL330,FL331,FL333,FL334,FL335,FL337,FL348,FL349,FL350,FL353,FL355,FL357,FL358,FL359,FL360,FL361,FL367,FL369,FL373,FL375,FL376,FL378,FL379,FL380,FL382,FL386,FL387,FL388,FL390,FL391,FL397,FL398,FL400,FL403,FL404,FL405,FL406,FL407,FL411,FL412,FL416,FL417,FL418,FL419,FL420,FL422,FL425,FL426,FL427,FL428,FL430,FL431,FL433,FL434,FL435,FL436,FL438,FL439,FL441,FL442,FL443,FL445,FL446,FL447,FL448,FL449,FL451,FL452,FL456,FL457,FL460,FL461,FL463,FL464,FL465,FL467,FL468,FL470,FL478b,FL479,FL481,FL482,FL489,FL490,FL494,FL495,FL496,FL497,FL501,FL504,FL506,FL507,FL512,FL519,FL521,FL522,FL523,FL524,FL528,FL529,FL530,FL531,FL536,FL538,FL540,FL541,FL542,FL543,FL545,FL547,FL548,FL550,FL553,FL554,FL558,FL559,FL563,FL565,FL566,FL568,FL574,FL580,FL582,FL587,FL590,FL593,FL597,FL478
1,1,1,2,2,1,2,1,2,1,2,2,2,2,1,2,1,2,2,2,1,2,2,1,1,1,1,2,2,1,1,1,2,0,2,2,2,2,1,2,2,2,1,1,2,1,1,2,2,2,1,1,2,1,2,2,2,2,1,1,2,2,2,1,1,2,2,1,1,0,2,2,2,1,1,2,2,2,1,2,2,1,2,1,2,1,2,1,2,2,1,2,2,1,1,1,1,2,2,2,2,2,1,2,1,1,2,2,2,1,1,1,2,2,2,2,2,0,2,2,2,2,1,1,1,1,1,2,1,2,1,1,1,2,2,2,1,1,1,2
1,2,1,2,2,1,1,1,1,2,2,2,2,2,1,2,1,2,2,1,1,1,2,1,2,1,1,1,2,1,1,1,2,2,2,2,2,2,1,2,2,2,2,2,1,1,2,1,1,1,2,1,1,2,2,2,1,1,1,1,2,2,1,1,2,2,2,2,1,1,2,1,2,1,1,2,1,2,1,1,2,1,1,2,1,1,2,1,1,0,1,2,1,1,2,1,1,1,2,1,2,2,2,2,1,1,2,2,2,2,1,1,2,2,1,2,2,2,1,2,1,2,1,1,2,2,1,1,1,2,1,2,1,0,1,1,1,1,1,2
1,2,2,2,2,1,1,1,2,2,2,2,2,2,1,2,1,2,0,1,0,0,0,2,2,1,1,1,2,1,1,1,1,2,2,1,1,2,1,2,2,1,2,0,0,0,2,1,1,1,2,1,2,1,2,2,1,1,1,2,1,2,1,1,1,0,0,0,1,2,2,1,2,1,1,2,2,2,1,1,2,2,1,2,1,1,2,1,1,2,2,2,1,1,2,1,1,1,2,2,2,2,1,2,1,1,2,2,2,2,1,1,2,2,1,2,2,2,2,2,1,2,1,1,2,1,1,1,1,1,2,2,1,1,2,1,2,2,1,2
1,2,2,1,1,2,1,1,2,2,2,2,0,0,1,2,2,2,2,1,2,2,2,0,0,0,1,1,2,1,1,0,0,2,2,0,0,2,2,2,2,1,2,2,2,1,0,1,1,1,1,1,2,2,2,2,2,2,1,0,2,2,2,0,1,2,2,1,1,2,2,1,2,2,2,2,2,1,2,1,2,2,1,2,2,1,2,2,1,1,2,2,1,2,2,1,1,1,0,2,1,1,1,1,1,1,2,2,1,2,1,2,2,2,1,2,2,2,0,2,1,2,2,2,2,1,2,1,1,2,2,2,1,2,2,1,1,2,1,2
1,0,2,1,1,1,2,2,1,2,0,1,1,0,2,2,2,1,2,1,2,2,2,0,0,1,1,0,2,0,1,0,0,2,0,1,0,1,2,2,1,1,1,1,0,0,1,1,1,2,2,1,2,1,2,2,2,2,1,1,1,2,1,1,1,0,1,2,1,2,1,1,2,1,1,2,2,1,2,1,1,1,1,1,1,2,1,2,1,1,0,1,1,2,1,2,1,1,0,1,1,0,1,1,1,1,2,2,0,2,1,2,2,0,1,2,0,2,2,2,1,2,2,2,2,2,2,0,1,1,0,0,1,1,2,2,2,2,1,1
1,2,2,1,1,1,2,2,1,2,1,1,1,1,2,2,2,1,2,1,2,1,2,2,2,1,1,1,2,1,1,1,2,2,2,2,2,1,2,0,1,1,1,1,2,2,1,1,1,2,2,1,1,2,1,1,1,1,1,1,1,2,1,1,1,2,1,2,1,2,2,1,2,1,1,2,1,2,2,1,1,1,1,1,1,2,1,2,1,2,1,2,2,2,1,2,1,1,0,1,2,2,1,2,1,1,2,2,2,2,2,2,1,1,1,2,2,2,2,2,1,2,1,2,2,2,1,1,1,1,1,1,1,0,1,2,2,2,1,2
1,2,2,1,1,1,2,2,1,2,1,2,1,1,2,1,2,1,2,1,2,2,2,2,2,1,1,1,2,1,1,2,2,2,2,2,2,1,2,2,1,1,2,2,1,2,1,1,1,2,2,1,2,2,1,2,2,2,1,1,1,1,1,1,1,2,1,2,1,2,2,1,1,2,2,2,2,2,2,1,2,1,1,1,1,2,1,2,1,2,1,2,2,2,1,2,1,1,2,2,2,2,1,2,1,1,2,2,2,2,1,2,2,1,1,2,2,2,2,2,1,2,2,2,2,2,2,1,1,1,2,2,1,2,0,2,2,2,1,2
1,1,0,1,1,1,2,2,1,1,1,2,1,1,2,2,1,1,2,1,2,2,2,2,2,2,1,1,2,1,1,2,2,2,2,2,2,1,2,2,1,1,2,2,1,2,1,1,1,2,2,1,2,2,1,2,2,2,1,1,1,1,1,1,1,2,1,2,1,2,2,1,1,2,2,2,1,1,2,1,2,1,1,1,1,2,1,2,1,2,1,1,2,2,1,2,1,1,2,2,2,2,1,2,1,1,1,2,2,2,1,2,2,0,1,1,2,2,2,2,1,2,0,2,2,2,2,1,1,1,2,2,1,2,2,2,0,2,1,1
0,0,0,0,1,1,2,1,0,0,0,2,0,0,2,2,0,1,2,1,2,0,2,2,2,2,1,1,2,1,1,0,2,2,0,2,2,1,2,2,1,1,2,2,1,2,2,0,1,2,2,1,1,2,1,2,2,2,1,1,1,1,1,1,1,2,1,2,1,2,2,1,1,2,2,2,1,2,2,1,2,1,1,1,1,2,1,2,1,2,0,1,2,2,1,2,1,1,2,0,2,2,1,2,1,1,1,2,2,2,1,1,2,1,1,1,2,0,2,2,1,2,2,2,2,2,0,1,1,1,2,0,0,2,2,2,2,2,1,1
1,1,1,0,1,1,2,1,1,1,1,2,1,1,2,2,1,1,2,1,1,2,2,2,2,2,1,1,2,1,0,2,2,2,2,0,2,1,2,2,1,1,2,2,0,0,2,1,1,2,0,1,2,2,1,2,2,2,1,1,1,1,1,1,1,0,0,0,1,2,2,1,1,2,2,2,2,2,2,1,2,1,1,1,1,2,1,2,1,2,1,1,2,2,1,2,1,1,2,2,2,2,0,2,1,1,1,2,2,2,1,1,2,1,1,1,2,2,2,2,1,2,2,2,0,0,2,1,1,1,0,2,1,2,2,2,2,2,1,1
1,1,1,1,1,1,0,1,1,1,1,2,1,1,2,2,1,1,2,1,2,2,2,2,2,2,1,1,2,1,1,2,2,2,1,2,2,1,2,2,1,1,2,2,1,2,2,1,1,2,2,1,2,2,1,2,2,2,1,1,1,1,1,1,1,2,1,2,1,2,2,1,1,2,2,2,2,2,2,1,2,1,1,1,1,2,1,2,1,2,1,1,2,2,1,2,1,1,2,2,2,2,1,2,1,1,1,2,2,2,0,1,2,1,1,1,2,2,2,2,1,2,2,2,2,2,2,1,1,1,2,2,0,2,2,2,2,2,1,1
1,0,1,0,0,2,2,0,1,1,2,1,2,2,1,0,2,1,2,1,2,1,1,2,0,2,1,2,2,2,1,1,2,1,2,2,2,1,1,2,1,2,0,0,2,2,1,1,1,1,2,1,1,2,1,1,0,0,1,1,1,1,1,1,1,1,1,2,1,2,1,1,2,2,2,1,2,2,2,1,2,1,1,1,2,1,1,1,2,2,1,1,2,1,1,1,1,2,2,2,2,2,1,2,2,1,1,2,0,1,1,1,2,1,2,1,2,1,1,2,2,0,1,1,1,2,1,2,1,0,2,2,1,1,2,1,0,1,1,1
1,1,1,1,2,2,2,1,1,1,2,1,1,1,2,2,2,1,2,2,2,1,1,2,2,1,1,2,2,1,1,2,1,1,2,2,2,1,1,2,2,2,2,2,2,2,1,1,1,1,2,1,1,2,1,1,2,2,1,2,1,1,2,2,1,1,2,2,1,1,1,2,1,1,1,2,2,2,1,2,2,1,2,2,1,2,2,1,2,0,1,1,2,1,2,1,1,2,2,2,2,2,2,2,2,2,1,2,2,0,1,2,2,1,1,1,2,1,1,2,2,2,2,1,1,2,2,2,1,1,2,2,1,2,2,1,2,2,2,1
1,1,2,0,2,2,2,0,1,1,2,1,2,2,2,1,2,2,2,2,0,1,2,2,1,1,2,2,2,0,0,2,2,2,1,2,1,1,1,2,2,1,1,1,1,0,2,2,0,1,0,2,1,1,2,2,1,1,1,2,1,1,2,1,1,2,2,1,2,1,1,1,1,1,1,1,1,1,2,2,2,1,1,1,2,2,2,1,2,1,2,2,0,2,1,2,2,2,2,1,2,2,0,2,2,2,2,2,2,1,1,2,2,2,2,2,2,2,2,2,2,2,2,2,2,1,2,2,1,2,2,2,2,2,2,1,2,2,2,2
2,2,2,1,1,2,2,2,2,2,2,1,2,2,1,1,2,1,2,2,1,2,1,2,1,2,2,2,2,1,1,2,2,1,2,2,1,2,2,2,2,2,2,1,2,1,1,2,2,2,2,1,1,2,2,1,1,1,2,2,2,1,2,2,1,1,2,2,2,0,2,2,2,0,0,2,2,0,2,2,2,2,2,2,2,1,2,2,1,2,2,1,2,0,2,2,2,2,2,1,2,2,2,2,2,1,2,2,2,0,0,2,2,2,2,1,2,1,2,2,2,2,2,2,2,1,2,2,1,1,2,2,0,2,2,2,2,2,2,1
2,2,2,2,2,1,2,2,2,2,2,1,2,2,1,2,2,1,2,2,1,0,0,2,1,2,2,2,2,1,0,2,2,1,2,2,1,2,2,2,1,2,2,0,2,0,1,2,2,2,2,1,1,1,2,2,1,1,2,2,2,2,2,2,0,0,2,2,2,2,2,2,2,2,2,2,1,2,2,2,1,0,2,2,2,1,2,2,1,2,2,1,2,2,2,2,2,2,2,1,2,2,2,2,2,1,2,2,2,0,0,0,2,2,2,1,2,1,2,2,2,2,2,2,2,1,2,2,1,2,2,2,0,0,2,2,2,2,2,1
2,2,2,2,2,1,2,2,2,2,0,2,2,0,1,2,2,2,2,2,2,2,1,2,1,2,2,2,2,2,1,0,0,2,0,0,2,2,2,2,1,2,2,2,2,1,1,2,2,2,2,1,1,1,2,0,2,2,0,2,2,1,2,2,1,1,2,2,2,2,2,2,2,2,2,2,0,0,2,2,2,2,2,2,2,1,2,2,2,2,2,2,2,2,2,2,2,2,2,2,2,2,2,2,2,2,2,2,2,0,0,0,2,2,2,1,2,1,2,2,2,2,2,2,2,1,2,2,2,2,2,0,0,0,2,2,2,2,2,2
2,2,2,2,2,1,1,0,2,2,2,2,2,0,1,1,2,2,1,1,0,1,0,2,2,1,2,1,0,2,1,1,2,1,1,0,2,2,2,2,2,2,0,1,0,0,1,2,2,2,2,1,2,1,2,2,2,2,2,2,2,1,2,2,2,0,0,0,2,2,2,2,2,2,2,1,1,2,2,2,1,2,2,2,1,2,1,1,2,2,2,2,1,2,2,2,2,2,2,1,2,2,0,2,2,2,2,2,2,2,2,2,2,2,2,1,2,1,1,2,1,2,1,0,2,1,2,1,2,2,2,2,1,1,2,2,2,2,2,2
1,1,2,1,1,2,2,1,1,1,2,2,2,2,2,2,2,2,2,2,2,2,2,0,1,0,1,2,1,1,1,2,2,1,1,0,2,2,0,1,2,1,2,2,1,0,2,2,2,2,2,0,2,1,2,2,1,1,1,1,2,2,2,2,2,2,1,2,1,1,2,1,2,0,1,2,2,2,1,2,2,2,2,2,1,1,1,1,1,2,1,2,1,1,1,1,2,1,2,2,2,2,2,2,1,2,1,1,2,2,1,1,2,1,2,1,1,1,1,1,2,2,1,1,2,1,2,2,1,0,2,2,2,1,1,2,1,1,2,2
1,2,2,1,1,1,1,2,2,2,1,2,1,1,2,2,1,2,1,1,1,2,1,1,2,1,1,2,2,1,2,2,1,1,2,2,2,1,1,1,2,2,2,2,1,2,2,1,1,1,2,1,2,1,1,1,2,2,1,1,2,2,2,2,1,1,2,2,1,2,2,0,1,1,2,2,2,2,0,1,0,0,2,2,2,0,0,2,1,2,2,2,2,1,2,2,2,1,2,1,2,2,2,2,1,1,1,1,2,2,1,1,1,2,1,2,1,1,2,2,1,2,2,1,0,2,2,2,1,1,2,2,1,1,2,1,2,1,2,2
1,1,2,1,1,1,1,1,2,1,1,1,1,1,1,2,2,2,2,2,1,1,2,1,2,1,1,2,2,1,2,2,1,1,1,2,2,2,2,1,2,2,2,2,1,2,2,1,1,1,2,1,2,1,1,1,2,2,1,1,1,2,1,1,1,2,1,2,1,2,2,1,2,2,1,2,2,2,2,1,1,2,1,2,2,2,2,1,2,2,2,2,2,2,2,2,2,1,2,1,0,2,1,2,2,2,2,0,2,0,0,0,2,1,2,1,1,2,1,1,2,2,1,1,1,1,2,2,1,2,1,1,0,0,2,1,0,0,2,2
1,1,1,2,2,1,1,2,1,1,1,2,1,1,1,1,2,2,1,2,1,1,2,1,2,2,1,2,2,2,2,1,1,1,1,2,2,2,2,1,1,2,2,2,1,2,1,1,1,1,2,2,1,1,1,1,2,2,1,1,1,2,1,1,1,2,1,2,1,2,2,1,2,2,2,2,2,1,2,1,1,2,1,1,2,2,2,1,2,1,2,1,0,2,2,2,1,1,1,2,1,1,1,1,2,2,2,0,0,2,1,1,2,1,2,1,1,2,1,1,2,2,2,1,1,1,0,2,2,1,1,1,2,2,2,1,1,1,2,1
1,1,1,1,1,1,1,1,1,1,1,1,1,1,1,1,1,1,1,1,0,0,0,1,1,1,1,1,1,1,1,2,1,1,1,1,1,1,1,1,1,1,2,0,0,0,1,1,1,1,1,1,2,1,1,1,2,2,1,1,1,1,1,1,1,0,0,0,1,1,1,1,1,1,1,1,1,2,1,1,1,1,1,1,1,1,1,0,1,2,1,1,1,1,1,1,1,1,2,1,2,2,1,2,1,1,1,1,1,1,1,1,1,1,1,1,1,1,1,1,1,1,1,1,1,1,1,1,1,1,1,1,1,1,1,1,1,1,1,1
1,1,1,1,1,1,1,1,1,1,1,1,1,1,1,2,1,1,1,1,1,2,1,1,1,1,1,1,1,1,1,2,1,0,1,1,1,1,1,1,1,1,1,2,1,1,1,1,1,1,1,1,2,1,1,1,2,2,1,1,1,1,1,1,1,1,1,1,1,1,1,1,1,1,1,1,1,2,1,1,2,1,1,1,1,1,1,1,0,0,0,0,0,0,1,1,1,1,2,1,2,2,1,2,1,1,1,1,1,1,1,1,0,0,1,1,1,1,1,1,1,1,1,1,1,1,1,1,1,1,1,1,1,1,0,1,1,1,1,1
1,1,1,1,2,0,1,1,1,1,1,2,2,2,1,0,2,1,2,2,2,2,1,1,1,1,1,2,2,1,1,2,2,2,2,1,1,1,1,2,1,2,2,2,1,1,1,1,1,1,1,2,0,1,2,1,2,2,1,2,2,2,2,2,2,1,2,2,1,2,1,2,2,2,2,1,1,0,2,1,2,2,2,1,1,2,2,2,2,0,1,2,2,2,1,1,1,1,0,2,0,0,2,0,2,2,2,2,0,0,0,0,0,1,2,1,2,1,2,2,2,2,2,2,1,1,2,2,2,1,1,1,0,0,2,1,1,1,2,2
1,1,1,1,2,2,1,1,1,1,1,1,2,2,1,2,2,1,2,2,2,2,1,1,1,1,1,2,2,1,1,2,2,2,2,1,1,1,1,2,1,2,2,2,1,1,1,1,1,1,1,2,0,1,2,1,2,2,1,2,2,1,2,2,2,1,2,2,1,2,1,2,1,2,2,1,2,2,2,1,2,2,2,1,1,2,0,2,2,2,1,2,2,2,1,1,1,1,2,2,2,2,2,2,2,2,2,2,2,1,1,1,2,1,2,1,2,1,2,2,2,2,2,2,1,1,2,2,2,1,1,1,2,2,2,1,1,1,2,2
2,2,1,2,2,1,1,0,1,0,1,2,2,2,2,2,2,1,2,2,2,1,1,0,2,1,1,1,2,1,2,1,0,2,1,1,2,1,1,2,2,1,1,1,1,0,1,1,1,1,1,1,1,1,2,2,1,1,2,1,2,1,2,1,1,2,1,1,1,2,1,1,1,2,2,1,1,1,2,1,2,1,2,1,1,2,2,1,2,1,2,1,2,2,1,2,1,1,1,1,1,1,2,1,2,1,2,2,2,2,2,1,2,2,1,1,2,2,2,2,1,2,1,0,2,2,2,1,2,1,0,1,2,0,1,1,1,1,2,2
2,2,1,2,2,1,2,1,1,2,2,1,2,2,1,2,2,1,2,1,0,2,1,1,1,1,1,1,2,0,1,1,2,1,1,1,2,2,2,1,2,1,1,0,0,0,1,2,2,1,1,2,2,2,2,2,1,1,2,1,2,2,2,2,1,0,0,1,1,2,1,2,2,2,2,1,1,2,1,2,1,1,2,1,1,1,2,2,2,2,2,1,2,2,1,2,1,1,2,1,2,2,1,2,2,2,2,2,1,2,2,2,2,2,1,1,1,2,2,2,1,2,2,1,2,2,2,1,2,1,1,1,1,1,1,1,1,2,2,2
1,2,1,2,1,1,2,2,2,2,1,1,1,1,1,2,2,2,1,0,1,2,2,2,2,2,2,1,1,2,2,1,2,1,2,2,2,2,2,1,1,1,1,1,2,2,2,2,2,1,2,2,2,2,2,2,1,1,2,1,1,1,1,2,2,2,2,1,2,2,1,2,1,2,2,1,2,2,2,2,1,1,2,2,2,1,2,2,1,2,2,2,2,1,2,1,1,2,2,1,2,2,2,2,1,2,1,1,1,1,2,1,1,1,1,2,2,1,2,1,1,1,1,1,1,2,1,1,1,2,1,1,1,2,2,1,2,2,1,2
2,2,1,1,1,1,2,2,2,2,2,2,1,1,2,2,1,2,1,1,0,0,0,2,0,2,2,1,2,2,2,2,1,1,2,2,2,2,1,1,1,1,2,0,0,0,2,2,2,1,2,1,2,2,2,2,2,2,2,1,2,2,2,2,2,0,0,0,2,2,0,1,2,1,1,1,2,2,2,2,1,2,2,2,2,1,2,2,2,2,0,2,2,1,2,1,1,2,2,1,2,2,2,2,2,1,1,2,2,1,2,1,0,1,1,2,1,1,1,1,1,2,1,1,1,2,1,1,1,2,0,0,1,1,2,1,1,1,1,2
2,2,1,1,2,1,2,2,2,2,1,1,1,1,2,1,2,2,2,1,1,1,1,2,2,1,2,2,1,2,2,2,2,1,2,1,2,2,1,1,2,1,2,2,1,1,2,2,2,2,2,1,2,1,2,2,2,2,2,1,2,2,2,2,2,1,2,1,2,2,2,1,2,1,1,1,1,2,1,2,1,2,2,1,2,1,2,2,1,2,1,2,1,1,2,1,1,2,2,1,2,2,2,2,2,1,2,2,2,1,2,1,2,1,2,2,1,1,1,1,2,1,1,1,1,2,1,2,1,1,2,2,1,1,1,2,1,1,1,2
1,1,1,1,1,2,1,2,1,1,1,1,1,1,2,1,2,2,2,1,2,1,1,2,2,1,2,1,1,2,2,2,1,2,1,2,1,1,1,1,2,2,2,2,2,1,2,1,1,1,2,2,2,1,1,1,2,2,1,1,1,2,0,1,1,1,2,1,1,1,1,2,2,1,1,2,1,2,2,1,1,2,1,1,1,1,2,1,2,1,1,2,1,2,2,1,1,1,1,1,1,1,2,1,0,2,2,0,0,1,1,2,2,1,0,1,1,0,1,1,0,1,1,0,1,2,0,1,1,0,1,0,0,1,2,1,2,1,1,2
2,2,1,1,2,2,1,2,2,2,1,1,1,1,2,2,1,2,2,1,0,1,2,2,2,2,2,1,1,2,1,2,1,2,1,1,1,2,1,1,1,1,1,1,0,0,2,1,1,1,2,2,2,1,1,1,2,2,2,1,1,1,1,0,1,0,0,0,1,0,2,2,1,1,1,2,2,2,1,1,2,2,1,1,2,2,2,1,2,2,2,2,2,1,2,2,1,1,2,1,2,2,1,2,1,1,1,0,1,0,0,0,1,2,1,2,1,1,1,1,1,2,2,0,1,2,2,1,1,1,2,1,0,1,1,1,2,1,2,2
2,2,1,1,1,2,1,2,2,2,1,2,1,1,2,2,1,2,2,1,2,1,2,2,2,1,2,1,2,2,1,2,1,1,1,1,1,2,2,1,2,2,2,2,2,1,2,2,2,2,2,2,2,1,2,2,2,2,2,1,2,1,1,2,2,2,0,1,0,2,2,2,2,2,2,2,1,2,1,2,1,2,1,1,2,1,0,2,1,2,2,2,1,1,2,1,1,1,2,2,2,2,0,2,1,1,1,1,0,0,0,0,2,2,2,2,1,1,1,1,1,2,1,1,1,1,2,1,2,1,1,1,0,0,1,2,2,2,2,2
2,2,1,1,2,2,1,2,2,2,1,2,1,1,2,2,1,2,2,1,2,2,2,1,1,2,2,1,1,2,1,1,1,1,1,2,1,2,2,1,2,2,2,2,2,1,1,2,2,2,2,2,2,2,2,1,2,2,1,1,2,1,1,2,2,2,2,1,2,2,2,2,1,1,1,2,2,2,1,0,2,2,1,1,1,1,1,2,1,2,1,2,2,1,1,1,1,1,2,2,2,2,1,2,2,1,1,1,1,2,2,1,2,2,2,2,1,1,2,2,1,1,1,1,1,1,2,1,2,1,1,1,2,1,2,2,2,2,2,2
2,1,2,2,1,2,1,1,1,1,1,2,1,1,2,2,2,1,1,1,2,2,1,1,1,0,2,1,1,0,1,2,1,1,1,1,2,2,2,2,0,1,0,2,2,1,2,2,2,0,2,1,1,2,2,2,2,2,2,1,2,1,1,2,2,1,2,1,2,2,1,2,1,2,2,2,2,1,2,2,2,2,1,2,1,2,1,1,2,1,0,1,2,2,2,2,2,2,1,2,1,1,1,1,2,1,2,2,2,2,2,1,2,2,2,2,2,2,2,2,1,2,2,2,1,2,2,1,2,2,2,2,1,0,2,2,1,2,1,1
1,1,2,2,2,2,1,2,1,1,1,2,1,1,2,2,2,1,2,1,2,2,2,2,1,2,2,1,1,2,0,2,1,1,1,2,1,2,2,2,1,1,2,2,2,1,2,2,2,1,2,1,1,2,2,2,2,2,1,1,2,1,2,2,2,2,2,1,1,2,1,2,1,1,1,2,2,1,2,2,2,2,2,2,1,1,1,1,2,1,1,2,2,2,2,1,2,1,1,2,1,1,1,1,2,2,1,2,2,1,1,1,1,2,2,1,2,2,1,1,1,2,1,1,1,2,2,1,2,1,2,2,2,2,2,1,1,2,1,2
1,1,2,2,0,2,1,0,1,1,1,2,1,1,2,1,2,1,2,1,2,2,2,2,1,2,2,1,1,1,1,2,1,1,1,2,1,2,2,2,1,1,2,2,2,2,1,2,2,1,2,1,2,2,2,2,2,2,1,1,2,1,2,2,2,2,2,1,1,2,2,2,1,1,1,2,2,2,2,2,2,2,2,2,1,1,1,1,2,2,1,2,0,1,1,1,2,2,2,2,2,0,1,2,2,2,1,2,2,1,1,0,2,2,2,1,2,2,1,1,1,2,2,1,1,2,2,1,2,1,2,2,2,0,2,1,1,2,1,2
1,2,2,2,2,1,1,1,1,2,1,1,1,0,2,2,2,2,2,1,1,2,2,2,1,2,2,2,2,1,2,1,1,2,1,1,2,1,1,2,1,2,1,1,2,1,1,2,2,2,2,1,1,1,2,1,1,1,1,1,2,1,2,1,1,1,2,1,1,2,1,2,1,1,1,1,1,1,1,2,2,1,1,1,2,1,2,1,1,1,1,2,0,2,2,2,1,2,1,0,1,1,1,1,2,0,1,2,2,1,1,2,2,1,2,2,2,2,2,2,2,2,2,0,1,2,1,2,2,0,2,2,2,1,1,2,1,0,1,2
1,2,1,1,1,1,1,1,0,2,2,0,1,1,2,2,2,2,1,2,1,2,1,2,1,2,1,1,2,1,1,1,1,2,1,1,1,1,1,2,2,2,1,1,2,2,1,2,0,0,2,1,2,2,2,2,1,1,1,2,2,1,2,2,2,2,2,1,0,0,1,0,0,2,2,1,0,2,1,2,0,0,0,0,0,0,0,0,2,0,0,0,1,2,2,1,1,1,2,2,2,2,0,2,1,1,1,1,1,0,0,0,2,1,1,1,2,2,2,2,1,2,2,2,2,1,2,1,1,1,1,1,0,0,0,1,2,1,2,1
1,2,1,1,1,1,1,1,2,0,2,1,1,1,2,1,1,2,2,2,1,1,1,0,1,1,1,1,2,1,1,1,2,2,1,1,1,1,1,2,1,1,1,0,2,0,1,0,0,0,0,1,2,1,1,2,1,1,1,2,1,1,2,1,1,1,1,1,1,2,1,1,1,1,1,1,1,2,1,2,2,2,2,1,2,1,2,1,1,2,1,1,1,2,1,1,1,1,2,1,2,1,2,1,2,0,1,1,1,1,1,0,2,2,1,0,2,2,2,2,1,2,1,1,2,1,2,1,1,1,0,0,0,0,2,1,2,2,2,1
1,2,1,1,1,1,2,2,2,2,1,0,1,1,2,2,2,1,2,1,0,0,0,2,1,1,1,1,2,1,2,2,2,2,1,1,1,1,1,2,2,2,0,0,0,0,1,2,1,1,2,1,2,2,2,2,2,2,2,1,2,2,1,1,1,2,0,0,1,2,2,2,1,2,2,2,2,2,1,2,2,2,2,1,2,1,2,1,1,2,1,2,2,2,2,1,1,1,2,1,2,2,1,2,2,2,1,1,1,1,1,2,2,2,1,1,2,2,1,2,1,2,2,1,2,1,2,1,2,1,2,2,1,0,2,1,2,2,1,2
1,1,1,1,1,1,1,1,2,1,1,1,1,1,2,0,1,2,1,2,0,0,0,0,1,1,1,1,1,2,1,1,2,1,1,1,1,1,1,1,1,1,1,0,0,0,0,0,1,0,0,2,0,1,1,1,1,1,1,1,2,1,1,1,2,0,0,0,1,2,1,1,1,0,0,1,1,0,1,1,1,0,1,1,1,1,1,0,2,2,0,2,2,0,1,1,1,1,2,1,2,2,2,2,1,2,1,2,2,0,0,0,0,0,0,0,1,1,0,1,1,1,1,1,2,0,1,1,1,1,2,1,0,0,1,1,0,0,1,2
1,2,2,2,1,1,2,1,2,2,1,1,1,1,2,1,1,2,1,1,1,1,2,1,2,1,2,1,2,0,1,2,2,1,2,1,1,2,1,2,1,2,1,1,2,1,2,1,1,1,1,2,2,1,2,1,1,1,1,2,1,2,1,1,1,2,1,1,1,2,1,1,2,1,1,2,2,1,2,2,1,1,2,2,1,2,2,1,1,2,2,2,2,2,2,2,2,1,2,1,2,2,2,2,2,2,2,2,2,1,1,2,1,2,2,1,1,2,1,1,1,2,1,1,2,2,2,1,2,2,2,2,1,2,1,1,1,1,2,2
0,2,0,2,2,1,1,2,0,2,1,0,0,1,0,0,0,0,0,0,0,0,0,1,2,2,1,2,2,2,2,1,2,1,1,1,1,2,1,2,2,1,0,0,0,0,2,1,1,1,1,1,2,1,2,2,2,2,1,2,1,1,1,0,1,1,1,0,0,2,0,1,1,1,0,2,1,2,1,1,2,2,0,0,0,0,0,2,1,0,0,0,0,1,0,0,0,0,2,0,0,2,0,0,0,0,0,1,0,0,0,0,0,1,2,2,0,2,2,0,2,0,1,0,2,0,2,2,2,0,1,0,0,1,1,1,1,2,2,2
2,2,2,1,1,1,1,2,1,2,2,1,2,2,2,2,2,2,1,1,1,2,2,1,2,2,1,1,1,1,2,1,2,1,2,2,1,2,0,2,2,1,1,1,0,0,2,2,2,1,1,1,2,0,2,0,1,0,2,2,1,1,0,1,1,2,1,1,2,2,1,1,2,2,2,0,1,2,0,2,1,0,2,1,0,0,1,2,2,2,1,2,2,2,1,1,0,1,2,1,2,2,1,2,2,2,2,2,2,1,2,2,2,2,1,2,0,2,1,1,1,2,1,1,2,2,0,0,2,2,0,2,1,1,1,1,2,2,0,2
1,1,2,1,1,1,1,2,1,1,1,0,1,1,2,0,2,1,1,1,1,1,2,1,1,1,1,2,1,1,1,1,2,1,1,2,1,1,1,2,2,1,0,0,1,1,2,1,0,1,1,1,1,1,2,2,0,0,1,2,1,1,1,1,1,2,1,1,2,1,1,1,1,1,1,1,1,1,1,1,2,1,1,1,2,2,1,1,2,1,1,0,2,2,1,1,2,1,1,1,1,1,1,1,2,2,2,2,2,1,1,2,0,2,2,2,1,2,1,1,2,1,1,1,1,1,2,2,1,2,1,1,1,1,1,1,1,1,2,2
2,2,2,1,1,1,1,1,1,2,2,1,2,2,2,1,2,1,1,1,1,1,2,1,2,2,1,2,1,1,2,1,2,1,2,2,1,2,2,2,2,1,1,1,1,1,2,2,2,1,1,1,2,1,2,2,1,1,2,2,1,2,1,1,1,2,1,1,2,2,1,1,2,2,2,1,2,2,1,2,1,1,1,1,2,2,2,2,2,2,1,2,2,2,1,1,2,1,2,1,2,2,1,2,2,2,1,2,2,1,2,2,2,2,2,2,1,2,1,1,2,1,1,1,1,2,2,2,2,2,1,2,1,1,1,1,2,2,2,2
2,2,2,1,1,1,1,1,1,2,2,2,2,2,2,2,2,1,1,1,2,2,2,1,2,2,1,2,1,1,2,1,2,1,2,2,2,2,2,2,2,1,2,2,1,1,2,2,2,1,1,1,2,2,2,2,2,2,2,1,2,2,1,1,1,2,1,1,2,2,2,1,2,1,1,1,2,2,1,2,2,1,2,1,2,2,2,2,2,2,1,2,2,1,1,1,2,1,2,1,2,2,1,2,2,2,1,2,2,1,2,2,2,2,2,2,2,2,1,1,2,1,1,1,1,2,1,2,2,2,2,2,1,1,1,1,1,2,2,2
2,2,2,1,1,1,1,2,1,2,1,2,2,2,2,1,1,1,2,1,2,2,2,1,1,2,1,2,1,1,1,1,2,1,1,2,1,2,2,2,2,1,2,2,2,1,1,2,2,2,1,2,2,2,2,2,2,2,2,1,2,2,1,1,2,2,2,1,2,2,1,2,2,1,1,1,2,2,2,2,2,1,2,1,2,2,2,1,2,2,2,1,2,1,2,2,2,2,2,1,2,2,1,2,1,2,1,1,1,1,2,2,2,2,2,2,1,2,1,1,2,2,1,1,1,2,2,2,1,2,2,2,1,1,2,2,1,1,1,1
1,1,1,1,1,1,1,2,2,1,1,2,2,2,2,2,1,1,1,2,2,1,2,1,1,2,1,2,2,1,1,1,2,2,2,1,2,1,1,2,1,1,2,2,2,1,1,2,2,2,2,2,2,1,1,2,2,2,1,1,1,2,1,1,1,2,1,1,2,2,1,1,2,1,1,1,2,1,2,2,2,1,2,2,2,2,2,1,2,2,2,2,2,2,1,2,1,2,1,1,2,2,2,1,1,2,2,1,2,0,0,0,1,2,1,2,1,2,1,1,2,2,1,2,1,2,2,2,1,2,2,2,0,2,2,2,1,1,1,1
1,1,1,1,1,2,1,2,1,1,1,2,2,2,2,2,2,2,2,2,1,1,2,1,2,2,2,2,1,1,2,2,1,2,1,2,2,1,1,2,2,2,2,2,1,1,2,1,1,2,1,2,2,2,2,2,2,2,1,1,2,2,1,1,1,2,2,1,2,2,2,2,2,2,2,2,2,2,2,1,1,2,1,2,2,2,2,2,2,2,1,2,2,1,1,2,1,1,2,2,2,2,2,2,1,1,2,1,2,2,1,2,2,2,1,1,2,2,1,1,2,1,1,2,1,2,1,2,1,2,2,2,1,2,1,2,1,1,2,2
1,2,1,1,1,1,1,2,2,2,2,2,2,2,1,2,2,1,1,2,1,2,2,1,1,1,1,1,1,1,2,2,1,2,2,2,1,1,1,2,2,2,2,2,2,1,1,1,1,1,2,2,1,1,2,1,1,1,1,1,2,2,1,1,2,2,1,2,2,2,2,1,2,1,1,1,1,2,2,1,1,2,1,2,2,2,2,2,1,2,1,1,1,1,2,1,1,2,2,2,2,2,1,2,1,2,2,1,1,1,1,1,2,2,1,2,2,2,1,1,1,2,1,1,2,1,2,1,2,1,2,2,1,2,2,1,1,1,1,1
0,2,2,2,2,2,2,1,2,2,1,1,1,1,2,1,1,1,1,1,1,2,2,2,2,2,1,1,1,0,2,1,2,1,1,2,2,2,2,1,1,2,1,1,2,1,2,1,1,2,1,2,1,2,2,2,2,2,2,2,2,1,1,2,2,2,1,2,2,0,1,1,1,1,1,1,1,2,1,2,2,2,1,2,2,1,2,0,0,0,0,1,1,0,1,1,2,1,2,2,2,2,1,2,1,2,2,2,1,1,2,2,0,0,0,0,1,2,1,1,1,1,2,2,1,1,1,1,1,2,1,2,1,2,0,2,1,2,1,1
2,1,2,2,2,2,2,1,1,1,1,2,1,1,2,2,2,1,1,1,0,2,2,2,2,2,1,1,1,0,2,2,2,1,1,2,2,1,2,1,1,2,1,1,2,1,1,1,1,2,1,2,2,2,2,2,1,1,2,2,1,1,1,1,1,1,1,2,2,0,1,0,0,2,2,0,2,1,1,1,2,2,0,2,2,1,2,0,0,0,0,0,0,0,0,0,2,1,1,2,1,1,1,0,1,2,2,2,1,1,2,2,0,0,0,0,0,2,1,1,1,1,2,2,1,1,1,1,1,2,2,2,1,1,0,2,1,2,1,1
0,0,2,2,1,2,1,1,2,1,1,2,1,1,2,1,2,2,1,1,1,1,1,1,2,2,1,1,1,1,2,2,1,1,1,2,1,1,2,1,2,2,2,2,1,1,0,1,1,2,1,2,1,2,2,2,1,1,2,1,1,1,1,2,1,1,1,2,0,0,1,1,1,2,2,1,2,1,1,1,1,2,2,2,2,1,2,0,0,0,0,1,2,1,1,1,2,1,1,1,1,1,1,1,1,2,2,1,1,2,2,2,0,0,1,2,1,2,1,1,1,1,2,2,1,1,1,1,1,2,2,2,1,1,0,2,1,2,1,1
1,1,2,1,2,0,2,1,1,1,1,2,1,1,2,2,1,2,2,1,0,0,0,1,1,2,1,1,1,1,2,2,2,1,1,2,1,1,1,1,2,0,0,0,0,0,1,1,1,2,2,2,1,2,2,2,2,2,1,1,2,1,2,2,2,1,0,2,2,2,2,1,0,1,1,2,2,2,1,1,2,1,2,1,1,1,1,2,1,2,1,1,2,1,1,1,2,1,2,2,2,2,1,0,1,1,2,1,1,0,0,0,0,2,1,2,2,2,2,2,1,2,2,2,1,1,1,0,2,2,1,0,0,0,1,2,1,1,0,1
1,1,2,1,2,1,2,1,1,1,1,1,1,1,2,1,2,2,2,1,1,1,1,1,1,2,1,1,1,1,2,2,2,1,1,2,1,1,1,1,2,2,1,1,1,1,1,1,1,2,2,2,1,1,2,2,1,0,1,1,2,1,2,2,2,1,0,2,2,2,2,1,2,1,1,1,2,1,1,1,1,1,2,1,1,1,1,2,2,1,1,1,2,1,1,1,2,1,1,2,1,1,1,1,1,1,2,1,1,2,1,2,2,2,1,2,2,2,2,2,1,1,2,2,1,1,1,1,2,2,1,1,1,1,1,2,1,1,1,1
1,2,2,1,2,2,2,2,2,2,1,2,1,1,2,2,1,2,1,2,1,2,1,1,2,2,1,1,1,1,2,2,2,2,2,2,1,1,1,1,2,1,1,2,2,1,1,1,1,2,1,2,2,1,2,2,2,2,1,1,1,2,1,1,1,1,1,1,2,1,2,1,2,1,1,2,2,2,1,1,2,1,1,2,1,1,1,2,2,2,1,2,1,1,1,1,2,2,2,2,2,2,2,2,1,2,1,1,1,1,1,2,2,2,1,2,2,2,2,2,1,1,2,2,1,1,1,1,2,2,1,1,1,1,1,2,1,1,1,2
1,2,1,1,1,1,2,2,2,2,1,2,1,1,2,2,1,2,1,2,1,2,1,1,1,2,1,1,1,1,2,2,2,2,2,2,1,2,1,1,1,1,1,1,2,1,1,1,1,1,2,2,1,1,1,1,1,1,1,1,2,2,1,1,1,1,1,1,2,1,1,1,2,1,1,2,1,1,2,1,1,1,1,2,1,1,1,2,2,1,1,1,1,1,2,1,1,2,1,2,1,1,1,1,1,2,1,1,1,0,1,2,1,2,1,2,2,2,2,2,1,2,2,0,1,1,1,1,1,1,2,2,1,2,1,1,1,1,1,1
1,1,1,2,2,1,1,2,2,1,2,2,2,2,1,2,1,2,1,1,1,1,1,2,1,2,1,2,1,2,1,2,2,2,2,2,2,2,1,2,1,2,1,1,2,2,1,2,2,1,1,2,1,1,2,2,2,2,1,2,2,1,2,2,1,2,1,2,1,2,1,2,1,2,2,1,1,1,1,2,2,1,2,1,1,2,1,1,2,1,1,1,1,2,2,2,1,2,1,1,1,1,1,1,1,2,1,2,1,1,1,2,1,2,1,2,2,1,1,1,2,1,2,2,1,1,2,2,1,1,2,2,1,0,0,0,2,1,1,1
2,2,1,2,2,1,2,2,1,2,2,1,2,2,2,1,1,2,1,2,1,1,1,2,1,2,2,1,2,2,1,1,1,2,1,1,1,2,2,1,2,1,1,1,1,2,1,1,1,1,1,2,2,1,2,2,1,1,2,1,2,1,2,1,1,1,2,1,1,1,0,1,1,1,1,1,1,2,2,1,0,1,0,1,2,2,2,2,2,2,2,2,1,1,1,2,1,2,2,1,2,2,1,2,1,2,2,2,2,1,2,2,2,2,2,2,2,1,2,2,1,2,2,2,2,1,2,1,1,2,2,2,2,2,2,1,2,2,1,2
2,2,0,2,2,1,2,2,1,2,2,1,2,2,2,1,1,2,1,2,0,1,1,0,1,1,2,1,2,2,1,1,1,2,1,1,1,2,2,1,2,1,1,1,1,2,1,1,1,1,1,2,2,2,2,2,1,1,2,1,2,1,2,1,1,1,2,1,1,1,1,2,1,2,2,1,1,2,2,1,1,1,2,1,2,2,2,2,1,2,2,2,2,2,2,2,1,2,2,1,2,2,1,2,2,2,2,2,2,1,2,2,2,2,2,2,2,1,2,2,1,2,2,2,2,1,2,1,1,1,2,2,2,2,1,1,2,2,1,2
2,2,1,2,2,1,2,2,1,2,2,1,2,2,2,1,0,2,1,2,0,1,0,2,1,1,2,1,2,2,1,2,1,2,1,1,1,2,2,1,2,1,2,2,1,2,1,1,1,1,1,2,2,2,1,2,2,2,2,1,1,1,2,1,1,1,2,1,1,1,1,2,1,2,1,1,1,2,2,2,1,2,2,2,2,2,0,2,1,2,2,2,1,2,1,2,1,2,2,1,0,2,1,0,0,2,2,2,2,0,0,0,2,0,2,2,2,1,1,1,1,2,2,2,2,1,1,1,1,1,2,2,0,0,1,1,0,2,1,1
2,2,1,2,2,1,2,2,1,2,2,2,2,2,2,2,1,2,1,2,0,0,0,2,1,2,2,2,2,2,1,2,1,2,1,1,2,2,2,1,2,1,2,0,0,0,1,2,2,1,1,2,2,0,2,2,2,2,2,1,2,1,2,1,1,0,0,0,2,1,1,2,1,2,2,1,1,2,2,2,2,1,1,1,2,2,2,2,1,2,2,2,1,1,2,2,1,2,2,1,2,2,1,2,1,1,1,1,1,0,0,0,2,2,2,2,2,1,1,1,2,2,2,0,2,2,2,2,1,1,0,0,0,0,0,1,0,2,1,2
2,2,1,2,2,1,2,2,1,2,2,1,2,2,2,2,2,2,2,2,0,1,0,2,1,1,2,2,2,2,1,0,2,2,1,2,2,2,2,2,2,1,2,2,1,1,2,2,2,1,1,2,2,2,2,2,2,2,2,2,2,1,2,1,1,1,0,1,2,1,2,2,1,2,2,1,2,2,2,2,2,1,2,1,2,2,2,2,1,2,2,2,1,1,2,2,1,2,2,2,2,2,1,2,2,2,2,2,1,0,0,0,2,2,2,2,1,1,1,1,2,1,2,2,2,2,2,2,1,0,2,2,0,0,2,1,2,2,1,1
0,2,2,2,2,1,1,2,1,2,2,2,1,1,2,2,2,1,1,1,2,2,2,2,2,2,2,2,1,2,1,2,2,1,2,2,2,2,2,1,2,2,0,1,1,1,2,2,2,1,2,2,2,1,2,2,1,1,2,2,2,1,1,2,2,2,2,2,1,2,1,1,1,2,2,2,1,2,1,2,2,1,2,1,2,2,2,2,1,2,2,1,2,2,2,2,2,2,2,2,2,2,1,2,1,2,2,1,1,0,2,1,2,1,2,1,2,1,1,1,2,2,2,2,1,2,1,2,2,2,2,2,1,2,2,2,1,2,1,1
2,0,2,2,2,2,2,1,1,1,2,1,1,1,1,1,1,1,2,1,2,2,2,0,1,2,1,2,2,2,2,1,1,1,0,2,2,2,2,2,2,1,2,2,0,2,2,1,1,1,1,1,2,1,1,1,2,2,2,2,2,2,1,2,2,1,2,1,2,2,2,1,2,1,1,2,1,2,2,1,2,1,1,1,2,1,2,2,2,2,2,1,1,1,1,1,2,2,2,1,2,2,0,2,1,2,2,1,2,2,2,2,2,1,2,2,2,1,2,2,2,2,2,1,0,2,2,2,1,2,1,1,1,2,1,1,1,2,2,1
1,2,1,2,2,1,1,2,2,2,1,1,1,1,1,1,1,2,1,1,2,1,2,1,2,1,1,2,2,1,2,1,1,2,2,1,1,1,2,2,1,2,1,1,1,2,2,1,1,1,1,2,1,1,1,0,1,1,1,2,1,1,1,1,1,2,1,1,1,1,1,1,1,1,1,2,2,1,1,1,1,1,1,2,1,1,1,1,2,1,1,1,1,1,1,2,0,2,1,1,1,1,2,1,2,2,1,2,2,0,0,0,2,1,2,2,2,1,1,1,2,1,1,1,1,1,2,2,1,1,1,1,0,0,1,1,2,2,2,1
1,2,1,2,2,1,1,2,0,2,1,2,1,1,1,2,1,2,2,1,2,1,1,1,2,1,1,2,2,1,2,1,2,2,2,1,1,1,2,2,1,2,0,2,1,2,2,1,1,1,1,2,2,2,1,1,2,2,0,2,1,1,0,1,1,1,1,1,1,0,2,1,0,1,0,2,2,2,1,1,0,1,1,2,1,1,1,1,0,2,1,2,1,1,1,2,1,2,2,1,2,2,2,2,2,2,1,2,2,2,1,1,2,1,2,2,2,1,1,1,2,1,1,1,1,1,2,2,1,0,0,0,1,1,1,1,2,2,2,2
1,2,1,2,2,1,1,2,2,2,1,2,1,1,1,2,1,1,1,1,0,0,0,1,2,1,1,2,2,1,2,1,1,2,2,1,1,1,2,2,1,2,2,0,1,2,2,1,1,1,1,2,2,2,1,1,2,2,1,2,1,1,1,1,1,2,0,1,1,0,2,1,1,1,1,2,2,2,1,1,2,1,1,2,1,2,1,1,2,2,0,2,1,1,1,2,1,2,2,1,2,2,2,1,2,2,1,1,2,0,0,0,2,1,2,2,2,1,1,1,2,1,2,1,1,1,1,2,1,1,1,1,0,0,1,1,2,2,2,2
2,1,2,2,2,2,1,1,2,1,2,2,2,2,1,2,2,2,1,2,2,2,2,1,2,2,2,0,1,2,2,2,1,2,1,1,1,2,2,1,2,1,1,1,1,2,2,1,1,1,1,1,1,2,1,1,1,1,2,1,1,1,2,1,1,2,2,1,2,1,2,2,1,2,2,1,1,1,2,1,2,1,2,1,1,1,1,1,2,1,1,2,2,2,0,1,1,1,1,2,1,1,1,1,2,2,1,2,2,1,2,2,1,1,2,1,2,2,2,1,1,1,2,2,1,2,2,1,1,2,2,2,2,0,1,1,1,2,2,2
1,1,2,1,1,2,1,1,1,1,2,2,2,2,2,2,2,2,1,2,2,2,2,1,1,2,2,1,2,2,2,1,1,2,1,1,2,2,2,1,2,1,1,2,2,2,1,1,1,2,1,2,1,2,1,1,2,2,1,1,2,1,2,2,2,2,2,1,2,1,2,1,1,2,2,1,1,1,2,1,2,1,2,1,1,1,1,2,2,1,1,2,2,2,1,2,2,1,1,2,1,1,1,1,2,2,1,2,2,1,1,2,2,1,1,2,1,2,2,1,1,2,2,2,1,1,1,1,1,2,2,2,2,1,1,2,1,2,1,2
2,1,1,2,2,1,1,1,1,1,1,1,2,1,1,2,1,2,1,2,2,0,0,2,2,2,2,2,2,2,1,1,2,2,2,1,2,2,1,2,2,1,0,0,0,0,2,2,2,2,1,1,1,2,2,1,1,1,1,1,2,2,0,0,2,0,0,0,1,1,1,2,2,2,2,2,1,1,1,2,1,2,2,1,2,0,0,2,1,1,0,1,1,2,1,2,1,1,1,1,1,1,2,1,2,1,1,1,2,1,1,2,1,2,2,2,2,2,1,1,2,2,2,2,2,1,2,2,1,2,1,1,2,2,2,2,1,1,1,0
2,0,1,2,2,1,1,0,1,1,1,0,1,1,2,1,2,1,2,2,0,1,0,2,2,1,2,2,2,2,1,1,0,2,2,1,2,2,1,2,2,1,1,0,1,2,2,0,2,2,1,1,1,2,0,1,2,2,1,1,2,2,1,1,2,0,2,1,1,1,1,2,2,2,2,1,1,1,1,2,2,2,2,1,2,1,2,2,1,1,1,0,1,2,1,2,1,1,0,1,1,1,2,1,2,1,1,1,2,0,0,0,2,2,2,2,2,2,1,1,2,2,2,2,2,1,0,2,1,2,1,1,0,0,2,2,1,1,1,2
2,1,1,2,2,1,1,1,1,1,0,1,1,1,2,2,2,1,2,2,2,1,2,2,2,2,1,2,2,2,1,2,2,2,1,1,1,2,1,2,2,2,1,1,1,2,2,2,2,2,1,1,2,2,0,1,1,1,0,1,2,2,1,1,2,2,2,1,1,1,2,2,2,2,2,1,1,1,1,2,1,2,2,1,2,1,2,2,1,1,1,1,1,2,1,2,1,1,1,1,1,1,2,1,2,1,1,1,2,1,1,2,1,2,2,2,2,2,1,1,2,2,2,2,2,1,2,2,1,1,1,1,2,2,2,2,1,1,1,2
2,2,2,2,2,1,1,1,1,2,1,2,1,1,2,2,2,1,2,2,2,2,2,2,2,1,2,2,2,1,1,2,2,2,1,1,1,2,2,2,2,2,2,2,1,2,2,2,2,2,1,1,2,2,2,1,2,2,1,1,2,2,1,1,2,2,2,1,1,1,2,2,2,2,2,2,1,1,1,2,2,2,2,1,2,1,2,2,1,1,1,2,1,2,1,2,2,1,1,1,1,1,2,1,2,2,1,1,2,1,1,2,1,2,2,2,2,2,2,2,2,2,2,2,2,1,1,2,1,2,1,1,2,1,2,2,1,2,1,2
1,2,2,2,2,1,2,2,1,2,1,0,2,2,0,2,2,0,2,2,0,0,0,2,2,2,1,2,2,1,2,2,2,2,2,0,1,1,2,2,2,2,2,0,0,0,2,1,1,2,2,1,2,2,2,1,2,2,1,2,1,2,1,1,1,0,0,0,2,1,0,2,2,0,2,2,2,1,2,1,1,1,2,1,2,1,1,0,2,2,2,2,1,1,0,2,2,2,2,2,2,2,1,2,2,1,1,2,2,2,1,2,2,1,2,2,2,2,1,2,2,2,1,2,1,2,1,2,2,1,1,2,1,1,2,2,0,2,1,2
2,2,2,1,1,2,2,2,1,2,1,2,2,2,1,1,1,2,1,1,2,1,1,2,2,2,1,1,2,1,2,2,2,2,1,2,2,2,2,2,1,2,2,2,2,1,1,1,1,1,2,1,2,1,1,1,1,1,1,1,2,2,1,1,2,1,2,2,2,1,2,2,2,1,1,2,1,2,1,1,2,2,1,1,2,2,2,1,2,2,1,1,2,1,1,2,2,2,2,1,2,2,1,2,1,2,2,2,2,0,0,0,2,1,1,2,2,2,2,1,1,2,2,2,1,2,1,1,1,2,1,1,0,0,2,1,2,1,1,1
2,2,2,1,1,2,1,1,2,2,2,2,2,2,1,2,1,2,1,1,2,2,1,2,2,2,2,1,2,1,2,2,2,2,1,2,2,2,2,1,2,2,2,2,1,2,1,1,1,1,2,1,1,2,2,1,2,2,1,1,2,2,1,1,2,1,2,1,2,1,1,2,2,1,1,1,1,1,1,1,2,1,1,1,2,2,2,1,2,1,1,2,2,2,1,2,2,2,1,2,1,1,1,1,2,2,2,2,2,1,1,2,0,1,2,2,2,2,2,1,1,2,2,2,1,2,1,1,2,2,1,2,2,0,2,1,1,1,1,2
2,2,2,2,0,2,1,1,2,2,2,1,2,2,1,2,1,2,1,1,2,2,2,2,2,2,2,1,2,2,2,2,2,1,1,2,2,2,1,1,2,2,2,2,1,2,2,1,1,1,2,2,2,1,2,1,1,1,1,1,0,2,1,1,2,2,2,1,2,2,1,2,2,2,2,1,2,2,1,1,2,1,1,2,2,2,2,2,2,2,1,1,2,2,1,2,2,2,2,2,2,2,2,2,0,2,1,1,2,1,1,2,2,1,1,1,2,2,2,1,1,2,2,2,1,1,1,1,2,2,2,2,2,1,2,1,1,1,1,1
1,2,1,2,2,1,2,2,2,2,1,2,1,1,2,2,2,2,2,2,1,1,0,0,2,1,2,2,2,2,1,1,2,1,1,1,2,2,0,1,2,2,2,0,0,0,2,2,2,2,1,2,1,2,2,2,2,2,1,2,2,1,2,2,1,0,1,2,2,1,2,1,1,2,2,2,2,1,1,2,1,2,2,2,2,2,2,2,2,1,2,2,1,1,2,2,1,2,1,1,1,1,1,1,1,2,1,2,1,2,0,0,1,2,2,1,1,1,2,2,2,2,2,2,2,2,2,2,0,2,2,2,0,0,1,2,2,1,1,0
1,2,1,2,2,1,2,1,2,2,2,1,1,0,2,2,1,2,2,2,1,1,2,1,2,2,2,2,2,2,1,0,2,2,1,0,2,2,1,1,2,2,2,2,1,1,2,2,2,2,1,1,2,2,2,2,2,2,1,2,2,2,2,2,1,2,2,2,2,2,2,2,2,2,2,2,2,1,1,2,1,2,2,2,2,2,2,1,1,1,0,1,2,1,2,2,1,2,0,0,1,1,1,1,1,2,1,2,1,2,1,1,0,2,2,1,1,1,2,2,2,2,2,2,2,2,2,2,1,2,0,0,2,0,1,2,1,1,0,2
1,2,2,2,2,2,2,1,2,2,2,2,1,1,1,2,2,2,2,2,1,2,2,1,2,2,2,2,2,2,1,1,2,2,1,1,2,2,2,2,1,2,1,1,2,1,2,2,2,1,1,1,1,1,2,2,1,1,1,2,1,2,1,1,1,2,1,2,2,2,1,2,2,1,1,1,1,1,1,2,1,2,2,1,1,1,2,2,1,1,2,0,2,2,1,2,2,2,1,2,1,1,2,1,1,2,1,2,1,2,1,1,2,2,2,1,2,2,2,1,2,2,2,2,2,2,2,2,1,2,2,2,2,2,1,1,1,2,1,2
1,2,1,1,2,1,2,2,2,2,2,0,2,2,1,2,2,1,0,2,1,2,2,1,2,2,1,2,2,2,0,1,2,0,1,1,2,2,2,2,2,2,2,2,0,0,2,2,0,0,1,0,2,0,2,2,2,2,2,2,2,2,2,2,1,2,2,0,2,1,2,2,2,1,0,2,2,1,0,2,2,2,0,1,1,1,0,2,0,0,0,2,2,2,2,2,2,2,0,2,0,0,2,0,0,2,2,2,0,2,0,0,0,0,2,0,2,2,2,2,2,0,0,0,2,0,2,2,2,2,2,0,2,2,0,2,0,0,0,2
2,2,1,2,2,1,2,2,1,2,2,1,2,2,1,2,2,1,1,2,0,0,1,1,2,2,1,1,2,2,2,1,2,2,2,2,2,2,1,1,1,1,1,0,1,2,1,1,1,1,2,2,2,2,2,2,1,1,2,1,2,1,2,2,1,1,2,1,2,1,1,1,1,1,1,2,2,1,1,1,1,1,1,1,2,2,2,2,2,1,1,2,1,1,2,2,1,2,1,2,1,1,2,1,2,2,1,1,1,1,2,1,0,1,2,2,2,1,1,1,1,2,2,1,2,1,1,1,2,2,2,2,1,2,1,1,2,1,1,2
1,1,1,2,2,2,1,1,1,1,2,2,2,2,1,2,2,2,2,1,2,2,1,1,1,2,1,2,2,1,2,1,1,1,0,0,1,2,1,2,1,1,2,1,2,2,1,2,2,1,1,1,1,2,1,1,1,1,1,1,2,2,2,1,1,1,2,1,2,1,2,2,2,2,2,1,2,1,1,2,2,1,2,1,1,2,2,1,1,1,1,1,2,2,2,1,1,1,1,2,1,1,1,1,1,1,1,2,2,2,1,1,2,1,2,1,2,2,2,1,2,2,1,1,2,2,1,2,1,1,2,2,2,1,1,2,1,1,1,1
2,2,1,2,2,2,1,1,2,2,2,1,2,2,1,1,2,2,1,1,0,1,1,1,1,1,1,2,1,1,1,1,2,2,1,1,2,1,1,1,1,2,1,0,0,0,1,2,2,2,2,1,1,1,1,1,1,1,2,1,1,2,1,1,1,0,0,0,2,1,1,1,2,2,2,1,1,1,1,1,1,2,1,2,1,1,1,2,2,1,1,1,1,1,2,2,1,1,1,1,1,1,1,1,1,1,1,2,2,1,0,2,2,2,1,2,1,2,1,1,2,1,1,1,2,1,2,1,1,1,2,2,0,1,2,2,1,1,2,1
1,1,1,2,2,2,1,1,2,1,2,2,2,2,1,2,2,2,1,1,2,2,2,1,1,2,1,1,1,2,1,1,2,2,1,2,2,1,2,1,1,2,1,2,2,1,1,2,2,2,2,1,1,2,1,1,2,2,1,2,2,2,1,1,1,2,2,2,2,2,1,1,2,2,2,1,2,1,1,2,2,2,2,2,1,1,2,2,2,1,1,1,2,1,2,2,1,1,1,2,1,1,2,1,1,1,1,2,2,1,1,2,1,2,1,2,2,2,1,1,1,1,2,1,1,2,2,1,1,2,1,1,2,2,1,2,1,2,2,0
1,1,1,2,2,2,1,1,2,1,0,2,2,0,1,2,2,2,2,2,2,0,0,1,2,1,0,1,1,2,1,1,1,2,0,2,2,2,2,1,1,2,1,2,0,0,1,2,2,2,2,1,1,2,1,1,2,2,1,2,2,2,0,1,1,0,0,0,2,2,1,1,2,2,2,1,2,1,1,2,1,2,2,2,1,1,2,2,2,1,1,1,1,1,2,2,1,1,1,0,1,1,0,1,0,1,1,1,0,1,1,2,2,1,2,2,2,2,1,1,1,1,2,1,1,2,2,1,1,2,1,1,1,2,1,2,1,2,2,0
0,0,1,2,0,1,1,1,2,1,1,2,2,2,1,2,2,2,1,2,2,2,2,0,0,1,2,1,1,2,1,1,1,2,2,2,2,2,2,1,1,2,1,1,1,1,0,2,2,2,2,1,1,1,1,1,1,1,1,2,2,2,1,1,1,1,2,2,0,0,1,1,2,2,2,1,1,2,1,2,2,2,2,2,1,1,0,0,0,1,0,1,2,0,2,2,1,1,1,1,1,1,2,1,2,1,1,2,2,1,1,2,2,1,0,2,2,2,1,1,1,1,2,1,1,2,2,1,1,2,1,1,1,2,1,2,1,2,2,1
2,1,1,2,2,2,1,2,2,1,1,2,1,1,1,2,2,2,1,2,1,2,2,1,1,2,2,1,1,2,1,1,1,2,2,2,2,2,2,1,1,2,2,2,1,2,1,2,2,2,2,2,2,2,1,1,2,2,2,2,1,2,1,1,1,2,2,2,2,2,2,2,2,2,2,1,2,2,1,2,2,1,2,2,1,1,2,2,2,2,1,2,2,2,2,2,1,1,2,2,2,2,1,2,2,1,1,2,2,1,2,2,2,2,2,2,2,1,2,2,1,1,2,1,1,2,2,1,1,2,2,2,1,2,1,2,1,2,2,2
2,1,1,2,2,1,1,2,2,1,1,1,1,1,1,1,2,2,2,2,2,1,2,1,1,2,2,2,1,2,1,1,2,1,2,2,2,1,2,1,1,2,2,2,1,2,1,2,2,2,2,2,1,2,1,2,1,1,2,1,2,2,1,1,1,2,1,2,2,2,2,2,2,2,2,2,2,1,2,2,2,1,2,2,1,1,2,2,0,1,1,1,2,2,2,2,0,0,0,0,1,1,1,1,2,1,1,2,2,1,1,2,2,2,2,2,2,2,1,1,2,1,1,0,1,1,2,2,1,1,2,2,1,2,1,1,2,2,2,1
2,2,1,2,2,2,1,2,1,2,1,2,1,1,1,1,2,2,1,2,2,1,2,1,2,2,2,2,1,1,2,1,2,1,2,1,2,1,2,1,1,2,1,1,2,2,1,1,1,1,2,1,1,1,2,2,1,1,2,1,2,2,2,2,1,1,0,2,0,2,1,2,2,1,1,2,2,1,1,1,1,2,1,1,1,1,2,2,0,1,0,1,2,2,2,1,1,2,1,1,1,1,1,1,1,2,1,0,1,0,1,0,2,1,1,2,1,2,1,1,2,2,1,1,1,2,2,2,1,1,2,2,0,2,1,1,1,2,2,1
1,1,1,2,1,1,2,1,2,1,1,2,2,2,1,1,1,2,1,1,1,2,1,2,2,2,2,1,2,2,2,2,2,1,1,2,1,2,2,1,1,2,2,2,1,1,1,1,1,2,2,2,1,1,1,1,2,2,1,0,1,0,1,1,1,1,2,1,2,2,2,2,2,2,2,1,2,1,2,1,2,1,1,2,2,1,0,1,0,1,1,2,2,1,2,2,1,2,1,2,1,1,2,1,1,1,1,0,1,1,1,1,2,1,1,1,1,2,1,2,1,2,2,2,1,1,0,1,1,0,2,1,1,0,1,2,2,1,1,1
2,2,1,2,1,1,2,1,2,2,1,2,2,2,1,1,1,2,1,1,0,0,0,2,2,2,2,1,2,2,2,2,1,2,2,1,2,2,2,2,1,1,1,0,0,0,1,1,1,1,2,2,1,2,1,1,1,1,2,2,1,2,1,1,1,0,0,0,2,2,2,2,2,2,2,1,2,1,2,1,1,1,1,2,2,2,2,1,1,1,2,1,1,1,2,2,1,2,1,1,1,1,2,1,1,1,1,0,1,0,0,0,2,1,1,1,1,2,1,2,1,2,2,2,1,1,1,1,1,2,2,1,0,0,1,2,1,2,1,1
2,2,2,2,2,1,2,1,2,2,2,2,2,2,1,2,1,2,2,1,1,2,1,2,2,2,2,1,2,2,1,2,1,2,2,2,2,2,2,2,1,1,1,1,2,2,1,1,1,2,2,2,1,0,1,1,2,2,2,2,1,2,1,1,1,2,2,1,2,2,2,2,2,2,2,2,2,2,2,1,1,1,2,2,2,2,2,1,1,2,2,2,1,2,2,2,1,1,0,2,2,2,2,2,1,1,2,2,1,2,2,1,2,1,1,1,1,2,1,2,1,2,2,2,2,1,2,1,1,2,2,1,2,2,1,2,1,2,1,1
2,2,2,2,2,1,2,1,2,2,2,2,2,2,1,2,1,2,2,1,1,2,1,2,2,2,2,1,2,2,1,2,1,2,2,2,2,2,2,2,1,1,1,2,1,1,1,1,1,2,2,2,2,0,1,1,2,2,2,2,1,2,1,1,1,1,2,1,2,2,2,2,2,2,2,2,2,2,2,1,2,1,1,2,2,2,2,1,1,2,2,2,2,2,2,2,1,1,2,2,2,2,2,2,1,1,1,2,1,1,2,1,1,1,1,1,1,2,1,2,1,2,2,2,2,1,2,1,1,2,2,1,2,2,1,2,1,2,1,2
2,2,2,0,1,1,2,1,2,2,2,1,2,2,1,1,1,2,1,1,1,2,1,2,2,2,2,1,2,2,1,1,1,2,2,2,2,2,2,2,1,1,1,0,0,2,1,1,1,2,2,2,1,2,1,1,2,0,2,2,1,2,1,0,1,1,2,1,2,2,2,2,2,2,2,1,1,2,2,1,2,1,1,2,2,2,2,1,2,2,0,1,2,0,1,0,1,1,2,2,2,2,2,2,1,1,1,1,1,1,2,0,2,1,1,2,2,2,1,2,1,2,2,2,2,1,1,1,1,2,2,1,0,0,1,2,1,2,1,2
2,2,2,2,2,1,2,1,2,2,1,2,1,1,1,1,1,2,1,1,1,2,2,1,1,2,1,2,1,2,1,2,1,2,2,0,2,2,1,2,1,2,2,2,2,1,2,1,1,1,2,1,2,2,1,1,2,2,2,2,2,1,2,2,2,2,2,2,2,2,2,2,1,1,1,2,2,2,2,1,0,2,1,2,1,2,2,2,1,2,2,2,2,2,1,2,2,2,2,1,2,0,2,2,2,1,2,1,1,2,2,1,1,0,2,2,1,0,1,2,2,1,2,1,1,1,1,2,0,2,2,2,2,2,2,1,2,1,1,2
